4雾霾持续盘踞中东部地区 五省七条高速局部路段因雾封闭,data/img/1.jpg
4中央气象台继续发布大雾黄色预警 雾霾盘踞中东部多地空气重污染,data/img/2.jpg
4生活服务台 雾霾影响健康,data/img/3.jpg
4雾锁京城 各条高速运行平稳,data/img/4.jpg
4上海：雾霾笼罩 昨日PM2.5浓度持续走高,data/img/5.jpg
4雾霾持续盘踞中东部地区 五省七条高速局部路段因雾封闭,data/img/1.jpg
4中央气象台继续发布大雾黄色预警 雾霾盘踞中东部多地空气重污染,data/img/2.jpg
4生活服务台 雾霾影响健康,data/img/3.jpg
4雾锁京城 各条高速运行平稳,data/img/4.jpg
4上海：雾霾笼罩 昨日PM2.5浓度持续走高,data/img/5.jpg
4雾霾持续盘踞中东部地区 五省七条高速局部路段因雾封闭,data/img/1.jpg
4中央气象台继续发布大雾黄色预警 雾霾盘踞中东部多地空气重污染,data/img/2.jpg
4生活服务台 雾霾影响健康,data/img/3.jpg
4雾锁京城 各条高速运行平稳,data/img/4.jpg
4上海：雾霾笼罩 昨日PM2.5浓度持续走高,data/img/5.jpg
4雾霾持续盘踞中东部地区 五省七条高速局部路段因雾封闭,data/img/1.jpg
4中央气象台继续发布大雾黄色预警 雾霾盘踞中东部多地空气重污染,data/img/2.jpg
4生活服务台 雾霾影响健康,data/img/3.jpg
4雾锁京城 各条高速运行平稳,data/img/4.jpg
4上海：雾霾笼罩 昨日PM2.5浓度持续走高,data/img/5.jpg
4雾霾持续盘踞中东部地区 五省七条高速局部路段因雾封闭,data/img/1.jpg
4中央气象台继续发布大雾黄色预警 雾霾盘踞中东部多地空气重污染,data/img/2.jpg
4生活服务台 雾霾影响健康,data/img/3.jpg
4雾锁京城 各条高速运行平稳,data/img/4.jpg
4上海：雾霾笼罩 昨日PM2.5浓度持续走高,data/img/5.jpg